1210014	Ashfield Girls' High School	102	71.6	48.0	50	56.0	100.0
1210015	Ashfield Boys' High School	108	72.2	41.7	62	72.6	93.5
1210021	Belfast Model School For Girls	118	70.3	37.3	72	47.2	98.6
1210022	Belfast Boys' Model School	122	80.3	54.1	53	62.3	100.0
1230053	St Louise's Comprehensive College	192	90.1	56.3	155	79.4	97.4
1230104	Mercy College Belfast	67	97.0	43.3	50	82.0	100.0
1230155	St Genevieve's High School	141	75.2	61.7	90	42.2	93.3
1230182	De La Salle College	143	76.2	37.1	58	29.3	93.1
1230275	St Joseph's College	90	70.0	51.1	19	31.6	100.0
1230321	Blessed Trinity College	145	66.9	41.4	97	74.2	99.0
1240291	Colaiste Feirste	106	84.9	57.5	58	43.1	77.6
1260269	Hazelwood College	131	90.1	47.3	53	77.4	100.0
1260294	Malone Integrated College	46	93.5	50.0	43	65.1	95.3
1410079	Grosvenor Grammar School	162	99.4	99.4	126	82.5	100.0
1410270	Wellington College	109	99.1	98.2	65	67.7	100.0
1410315	Bloomfield Collegiate	104	93.3	91.3	84	61.9	98.8
1420020	Campbell College	137	89.1	82.5	82	65.9	97.6
1420021	St Mary's Christian Brothers' Grammar School	166	92.8	83.1	108	75.9	98.1
1420022	Methodist College	254	98.0	97.6	258	81.0	99.6
1420027	The Royal Belfast Academical Institution	155	96.8	96.1	101	72.3	100.0
1420028	Belfast Royal Academy	201	98.0	98.0	170	74.1	100.0
1420029	St Dominic's High School	137	100.0	99.3	134	88.8	100.0
1420030	St Malachy's College	167	98.2	97.0	102	75.5	100.0
1420082	Dominican College	149	100.0	99.3	109	81.7	100.0
1420089	Strathearn School	106	99.1	98.1	95	88.4	100.0
1420095	Rathmore Grammar School	182	100.0	99.5	161	89.4	100.0
1420264	Victoria College	133	97.7	95.5	103	68.9	99.0
1420265	Hunterhouse College	99	97.0	91.9	84	56.0	98.8
1420277	Aquinas Diocesan Grammar School	111	100.0	100.0	108	84.3	100.0
2210065	Castlederg High School	67	89.6	76.1	27	74.1	96.3
2210125	Omagh High School	51	78.4	56.9	20	50.0	95.0
2210302	Limavady High School	94	97.9	52.1	32	59.4	96.9
2210306	Lisneal College	61	90.2	55.7	40	42.5	95.0
2210312	Devenish College	61	80.3	60.7	27	44.4	100.0
2230077	St Mary's Limavady	91	85.7	50.5	46	56.5	100.0
2230081	St Mary's College	118	97.5	61.0	70	81.4	98.6
2230085	St Mary's High School	15	93.3	53.3	0	n/a	n/a
2230099	St Fanchea's College	49	87.8	61.2	8	*	87.5
2230100	St Joseph's College	42	83.3	69.0	11	81.8	90.9
2230109	St Mary's College	17	94.1	58.8	0	n/a	n/a
2230122	St Patricks & St Brigids College	87	94.3	50.6	0	n/a	n/a
2230131	St Joseph's Boys' School	128	86.7	36.7	48	37.5	91.7
2230138	Dean Maguirc College	77	71.4	50.6	48	70.8	97.9
2230144	St Patrick's College	41	92.7	65.9	14	35.7	100.0
2230148	St John's Business and Enterprise College	18	100.0	50.0	0	n/a	n/a
2230166	St Aidan's High School	35	80.0	65.7	0	n/a	n/a
2230188	St Cecilia's  College	116	97.4	71.6	76	59.2	100.0
2230225	St Brigid's College	106	91.5	62.3	30	93.3	100.0
2230298	Sacred Heart College	96	74.0	54.2	68	60.3	100.0
2230301	Holy Cross College	249	68.3	58.2	126	60.3	96.8
2230322	St Kevin's College	81	93.8	90.1	50	68.0	100.0
2260276	Oakgrove Integrated College	108	64.8	37.0	43	46.5	90.7
2260280	Erne Integrated College	52	80.8	61.5	18	61.1	100.0
2260283	Drumragh Integrated College	83	86.7	69.9	42	59.5	97.6
2410048	Limavady Grammar School	132	98.5	98.5	87	80.5	100.0
2410066	Omagh Academy	94	98.9	98.9	89	74.2	100.0
2410311	Strabane Academy	71	83.1	66.2	47	74.5	100.0
2420041	Mount Lourdes Grammar School	94	98.9	98.9	137	80.3	99.3
2420043	St Michael's College	96	92.7	91.7	71	73.2	100.0
2420052	Thornhill College	199	98.5	98.0	176	72.2	100.0
2420054	St Columb's College	201	89.6	88.6	156	69.2	100.0
2420064	Christian Brothers' Grammar School	138	96.4	94.2	112	83.0	100.0
2420065	Loreto Grammar School	118	98.3	96.6	122	80.3	100.0
2420229	Foyle College	118	96.6	96.6	90	61.1	98.9
2420287	Lumen Christi College	123	100.0	100.0	114	89.5	100.0
2420320	Enniskillen Royal Grammar School	151	98.0	94.0	108	79.6	99.1
3210035	Magherafelt High School	90	77.8	45.6	29	55.2	100.0
3210038	Larne High School	92	83.7	40.2	37	70.3	100.0
3210124	Ballycastle High School	56	66.1	53.6	38	78.9	100.0
3210133	Ballymoney High School	112	89.3	40.2	0	n/a	n/a
3210134	Ballyclare Secondary School	173	59.0	43.4	63	49.2	100.0
3210172	Cullybackey College	99	66.7	43.4	28	42.9	96.4
3210202	Glengormley High School	116	74.1	50.0	21	*	90.5
3210208	Dunclug College	133	72.9	51.1	52	36.5	96.2
3210222	Dunluce School	52	92.3	40.4	0	n/a	n/a
3210300	Coleraine College	23	52.2	47.8	0	n/a	n/a
3210313	Abbey Community College	76	96.1	38.2	43	67.4	100.0
3210323	Carrickfergus Academy	194	56.7	36.6	73	21.9	75.3
3230075	Our Lady of Lourdes High School	35	100.0	77.1	0	n/a	n/a
3230084	St Patrick's College	63	58.7	20.6	27	48.1	85.2
3230132	St Colm's High School Draperstown	62	82.3	77.4	37	67.6	97.3
3230168	St Pius X College	134	92.5	73.9	85	50.6	96.5
3230203	Edmund Rice College	86	87.2	39.5	36	72.2	100.0
3230227	Cross and Passion College	89	94.4	80.9	96	90.6	95.8
3230234	St Patrick's Co-ed Comprehensive College	191	89.0	83.2	129	73.6	100.0
3230308	St Benedict's College	75	68.0	58.7	0	n/a	n/a
3230310	ST KILLIAN'S COLLEGE	125	90.4	83.2	58	62.1	98.3
3230318	St Conor's College	96	83.3	67.7	19	73.7	100.0
3250149	Crumlin Integrated College	22	27.3	*	0	n/a	n/a
3250207	Parkhall Integrated College	112	77.7	41.1	40	32.5	75.0
3260289	Slemish College	110	78.2	59.1	58	65.5	100.0
3260290	North Coast Integrated College	53	67.9	30.2	39	61.5	89.7
3260299	Ulidia Integrated College	85	67.1	60.0	51	64.7	98.0
3260303	Sperrin Integrated College	74	83.8	64.9	24	75.0	100.0
3410008	Ballyclare High School	181	97.8	97.8	129	81.4	100.0
3410098	Carrickfergus Grammar School	113	91.2	91.2	77	74.0	100.0
3410209	Antrim Grammar School	96	100.0	100.0	101	83.2	100.0
3410297	Cambridge House Grammar School	138	97.1	95.7	86	87.2	100.0
3420010	St Louis Grammar School	138	100.0	100.0	162	100.0	100.0
3420011	Ballymena Academy	173	99.4	98.8	160	81.3	100.0
3420012	Dalriada School	128	96.9	96.1	120	86.7	100.0
3420034	Loreto College	116	87.1	78.4	103	84.5	100.0
3420046	Larne Grammar School	109	95.4	95.4	89	83.1	100.0
3420058	Rainey Endowed School	105	100.0	100.0	92	90.2	100.0
3420068	Dominican College	80	100.0	98.8	40	57.5	100.0
3420077	Belfast High School	138	95.7	95.7	100	78.0	100.0
3420080	St Mary's Grammar School	158	99.4	99.4	144	89.6	100.0
3420317	Coleraine Grammar	240	85.8	83.8	133	63.2	98.5
4210012	Movilla High School	39	100.0	30.8	0	n/a	n/a
4210029	The High School Ballynahinch	26	73.1	46.2	0	n/a	n/a
4210045	Nendrum College	80	90.0	56.3	0	n/a	n/a
4210046	Glastry College	96	58.3	33.3	27	44.4	100.0
4210051	Lisnagarvey High School	68	94.1	72.1	23	47.8	95.7
4210063	Saintfield High School	68	72.1	61.8	0	n/a	n/a
4210201	Laurelhill Community College	90	72.2	43.3	46	54.3	93.5
4210262	Dundonald High School	38	65.8	23.7	0	n/a	n/a
4210296	Bangor Academy and 6th Form College	227	68.3	38.3	129	58.1	97.7
4210316	Breda Academy	131	78.6	42.7	42	*	76.2
4230023	St Mary's High School	59	93.2	83.1	43	48.8	100.0
4230067	St Columba's College	33	97.0	63.6	0	n/a	n/a
4230102	St Colmcille's High School	43	55.8	44.2	0	n/a	n/a
4230107	St Columbanus' College	88	88.6	62.5	33	51.5	100.0
4230161	St Colman's High and Sixth Form College	38	92.1	55.3	55	50.9	92.7
4230165	St Patrick's Academy	64	71.9	57.8	21	38.1	100.0
4230211	St Malachy's High School	129	92.2	51.2	65	38.5	98.5
4230223	St Colm's High School	37	73.0	27.0	15	*	93.3
4230224	De La Salle High School	48	62.5	47.9	18	55.6	100.0
4250024	Priory College	90	91.1	57.8	19	42	100.0
4250072	Fort Hill College	108	77.8	46.3	56	76.8	100.0
4260255	Lagan College	198	91.9	74.2	128	77.3	99.2
4260281	Shimna Integrated College	95	73.7	63.2	47	44.7	100.0
4260295	Strangford Integrated College	84	89.3	50.0	41	58.5	97.6
4260309	Blackwater Integrated College	24	91.7	54.2	0	n/a	n/a
4410063	Regent House School	204	99.0	98.5	136	93.4	100.0
4410085	Down High School	125	100.0	99.2	129	76.7	98.4
4410097	Glenlola Collegiate	147	97.3	93.2	104	76.9	99.0
4420015	Bangor Grammar School	126	99.2	98.4	97	67.0	99.0
4420044	Sullivan Upper School	151	98.7	98.7	144	79.2	100.0
4420050	Friends' School	143	96.5	96.5	137	87.6	100.0
4420051	Wallace High School	181	95.0	95.0	130	87.7	100.0
4420086	Assumption Grammar School	117	100.0	95.7	103	82.5	100.0
4420088	St Patrick's Grammar School	94	95.7	94.7	82	84.1	100.0
4420259	Our Lady and St Patrick's College	181	100.0	100.0	178	91.6	99.4
5210016	Kilkeel High School	118	62.7	51.7	40	55.0	97.5
5210025	Newtownhamilton High School	26	88.5	80.8	0	n/a	n/a
5210047	Banbridge High School	81	61.7	42.0	28	32.1	100.0
5210064	Dromore High School	147	66.0	54.4	90	80.0	100.0
5210083	Markethill High School	93	89.2	78.5	0	n/a	n/a
5210097	Fivemiletown College	51	94.1	74.5	18	*	100.0
5210121	City Armagh High School	54	61.1	38.9	0	n/a	n/a
5210127	Rathfriland High School	56	92.9	64.3	0	n/a	n/a
5210153	Aughnacloy High School	19	84.2	57.9	0	n/a	n/a
5210186	Newry High School	53	71.7	50.9	25	44.0	96.0
5210230	Cookstown High School	97	78.4	68.0	53	81.1	100.0
5210231	Drumglass High School	38	73.7	39.5	0	n/a	n/a
5210282	Craigavon Senior High School	281	63.7	37.0	0	n/a	n/a
5230056	St Joseph's Boys' High School	48	77.1	62.5	0	n/a	n/a
5230076	St Patrick's College	46	100.0	58.7	7	*	*
5230108	St Mary's High School	82	95.1	70.7	34	67.6	100.0
5230135	St Mark's High School	126	92.1	60.3	53	17.0	77.4
5230152	St Ciaran's High School	103	79.6	63.1	53	77.4	100.0
5230157	St Paul's High School	212	82.1	68.9	117	53.8	94.9
5230167	St Joseph's High School	85	80.0	65.9	29	72.4	100.0
5230187	St Patrick's High School	161	81.4	65.2	93	58.1	98.9
5230192	St Joseph's College	46	71.7	54.3	0	n/a	n/a
5230213	Lismore Comprehensive School	199	76.4	51.3	65	47.7	95.4
5230218	St Catherine's College	145	94.5	75.2	108	79.6	98.1
5230278	Holy Trinity College	155	89.0	58.7	76	61.8	98.7
5230293	St Patrick's College	80	66.3	46.3	38	23.7	100.0
5250216	Brownlow Int College	43	58.1	27.9	0	n/a	n/a
5260285	New-Bridge Integrated College	93	87.1	71.0	34	44.1	94.1
5260286	Integrated College Dungannon	87	85.1	58.6	22	36.4	100.0
5410013	Banbridge Academy	195	99.0	99.0	161	85.1	100.0
5410057	Lurgan College	115	96.5	91.3	106	85.8	100.0
5410067	Portadown College	203	99.0	99.0	149	89.3	100.0
5420045	St Louis Grammar School	105	82.9	74.3	62	77.4	100.0
5420059	Abbey Christian Brothers Grammar School	126	100.0	99.2	100	84.0	100.0
5420060	Our Lady's Grammar School	121	100.0	100.0	101	86.1	98.0
5420062	St Colman's College	127	93.7	91.3	104	82.7	99.0
5420073	St Joseph's Grammar School	88	100.0	98.9	88	77.3	100.0
5420076	Sacred Heart Grammar School	119	100.0	100.0	116	79.3	100.0
5420260	The Royal School Dungannon	94	96.8	93.6	64	67.2	90.6
5420263	The Royal School Armagh	106	96.2	95.3	98	77.6	100.0
5420268	St Patrick's Grammar School	145	76.6	67.6	82	61.0	96.3
5420304	St Patrick's Academy	186	97.3	96.2	158	75.9	100.0
5420314	St Ronan's College	165	69.7	57.0	133	61.7	99.2
