1210014	Ashfield Girls' High School	103	67.0	43.7	48	54.2	100.0
1210015	Ashfield Boys' High School	96	82.3	46.9	54	48.1	79.6
1210021	Belfast Model School For Girls	111	56.8	42.3	74	44.6	87.8
1210022	Belfast Boys' Model School	132	75.0	46.2	74	70.3	98.6
1230053	St Louise's Comprehensive College	179	97.8	57.0	151	75.5	100.0
1230104	Mercy College Belfast	65	92.3	36.9	16	50.0	100.0
1230130	St Rose’s Dominican College	30	23.3	20.0	17	64.7	100.0
1230146	Christian Brothers School, Belfast	34	76.5	14.7	33	27.3	97.0
1230155	St Genevieve's High School	151	69.5	57.6	86	33.7	93.0
1230182	De La Salle College	163	71.8	39.3	56	33.9	92.9
1230262	Corpus Christi College	27	37.0	25.9	15	40.0	100.0
1230275	St Joseph's College, Belfast	80	78.8	52.5	36	75.0	97.2
1230321	Blessed Trinity College	160	53.8	43.8	75	50.7	96.0
1240291	Colaiste Feirste	94	76.6	45.7	48	31.3	75.0
1260269	Hazelwood College	121	95.0	47.1	66	68.2	100.0
1260294	Malone Integrated College	70	77.1	22.9	34	67.6	91.2
1410079	Grosvenor Grammar School	154	99.4	97.4	128	70.3	100.0
1410270	Wellington College	118	99.2	97.5	70	82.9	100.0
1410315	Bloomfield Collegiate	105	90.5	86.7	78	66.7	100.0
1420020	Campbell College	141	84.4	80.1	106	48.1	100.0
1420021	St Mary's Christian Brothers' Grammar, Belfast	161	85.7	78.9	117	74.4	98.3
1420022	Methodist College	252	99.2	98.0	257	76.7	98.4
1420027	The Royal Belfast Academical Institution	139	98.6	97.1	105	77.1	100.0
1420028	Belfast Royal Academy	202	98.5	98.0	180	74.4	100.0
1420029	St Dominic's High School, Belfast	154	100.0	99.4	127	94.5	100.0
1420030	St Malachy's College, Belfast	164	98.2	98.2	119	82.4	100.0
1420082	Dominican College, Belfast	145	100.0	99.3	96	91.7	100.0
1420089	Strathearn School, Belfast	106	99.1	99.1	105	81.0	99.0
1420095	Rathmore Grammar School	178	98.9	98.9	155	89.0	100.0
1420264	Victoria College	124	97.6	95.2	102	71.6	100.0
1420265	Hunterhouse College	100	95.0	94.0	68	57.4	100.0
1420277	Aquinas Diocesan Grammar School	116	99.1	99.1	95	88.4	100.0
2210065	Castlederg High School	48	87.5	85.4	39	69.2	100.0
2210125	Omagh High School	54	79.6	59.3	26	50.0	92.3
2210302	Limavady High School	110	83.6	42.7	30	46.7	96.7
2210306	Lisneal College	79	94.9	57.0	41	51.2	100.0
2210312	Devenish College	66	77.3	57.6	34	47.1	94.1
2230077	St Mary's Limavady	75	94.7	53.3	38	73.7	100.0
2230081	St Mary's College, Londonderry	126	98.4	73.0	69	84.1	100.0
2230085	St Mary's High School, Brollagh	7	71.4	71.4	0	n/a	n/a
2230099	St Fanchea's College	40	85.0	62.5	9	*	100.0
2230100	St Joseph's College, Enniskillen	38	57.9	52.6	8	62.5	87.5
2230109	St Mary's College, Irvinestown	24	95.8	62.5	0	n/a	n/a
2230122	St Patrick's & St Brigid's College	102	76.5	59.8	0	n/a	n/a
2230131	St Joseph's Boys' School	130	70.8	38.5	60	30.0	96.7
2230138	Dean Maguirc College	75	78.7	52.0	26	73.1	100.0
2230144	St Patrick's College, Dungiven	40	90.0	60.0	19	57.9	100.0
2230148	St John's Business and Enterprise College	23	100.0	39.1	0	n/a	n/a
2230166	St Aidan's High School	35	80.0	71.4	0	n/a	n/a
2230188	St Cecilia's College	118	89.8	61.0	73	43.8	93.2
2230225	St Brigid's College, Carnhill	66	98.5	50.0	26	92.3	100.0
2230298	Sacred Heart College, Omagh	114	73.7	44.7	70	52.9	100.0
2230301	Holy Cross College	210	67.6	57.1	131	56.5	97.7
2230322	St Kevin's College	66	93.9	84.8	52	67.3	94.2
2260276	Oakgrove Integrated College	120	55.8	34.2	46	54.3	95.7
2260280	Erne Integrated College	63	77.8	49.2	24	66.7	100.0
2260283	Drumragh Integrated College	85	74.1	56.5	41	56.1	100.0
2410048	Limavady Grammar School	131	93.1	92.4	103	69.9	100.0
2410066	Omagh Academy	98	99.0	94.9	94	81.9	100.0
2410311	Strabane Academy	83	79.5	51.8	32	53.1	100.0
2420041	Mount Lourdes Grammar School	93	97.8	97.8	122	78.7	100.0
2420043	St Michael's College, Enniskillen	96	90.6	84.4	80	66.3	98.8
2420052	Thornhill College	199	98.5	98.5	169	71.6	100.0
2420054	St Columb's College, Londonderry	212	90.1	89.6	161	52.2	98.8
2420064	Christian Brothers' Grammar School, Omagh	135	97.0	95.6	128	86.7	98.4
2420065	Loreto Grammar School	125	100.0	100.0	117	82.1	99.1
2420229	Foyle College	118	95.8	94.9	86	64.0	100.0
2420287	Lumen Christi College	121	100.0	100.0	114	81.6	100.0
2420320	Enniskillen Royal Grammar School	148	95.9	94.6	118	85.6	100.0
3210035	Magherafelt High School	94	80.9	64.9	22	27.3	86.4
3210038	Larne High School	78	79.5	35.9	17	52.9	100.0
3210124	Ballycastle High School	61	70.5	54.1	22	72.7	95.5
3210133	Ballymoney High School	112	81.3	37.5	0	n/a	n/a
3210134	Ballyclare Secondary School	175	61.1	46.3	54	44.4	100.0
3210172	Cullybackey College	82	63.4	31.7	34	29.4	91.2
3210202	Glengormley High School	145	66.9	40.7	37	21.6	94.6
3210208	Dunclug College	114	75.4	54.4	55	49.1	100.0
3210222	Dunluce School	50	96.0	36.0	0	n/a	n/a
3210300	Coleraine College	25	72.0	24.0	5	0.0	100.0
3210313	Abbey Community College	82	67.1	23.2	41	63.4	100.0
3230075	Our Lady of Lourdes High School	28	100.0	75.0	0	n/a	n/a
3230084	St Patrick's College Ballymena	75	64.0	37.3	39	43.6	84.6
3230110	St Joseph's College, Coleraine	40	85.0	50.0	14	50.0	92.9
3230132	St Colm's High School, Draperstown	71	77.5	62.0	41	65.9	100.0
3230168	St Pius X College	137	86.9	68.6	76	36.8	94.7
3230203	Edmund Rice College	67	91.0	44.8	32	78.1	100.0
3230227	Cross and Passion College	97	86.6	73.2	92	89.1	98.9
3230234	St Patrick's College Maghera	187	85.0	79.7	164	70.1	99.4
3230308	St Benedict's College	52	69.2	46.2	0	n/a	n/a
3230310	St Killian's College	112	72.3	67.0	87	92.0	100.0
3250149	Crumlin Integrated College	18	61.1	38.9	0	n/a	n/a
3250207	Parkhall Integrated College	105	78.1	35.2	0	n/a	n/a
3260289	Slemish College	116	75.9	52.6	64	70.3	100.0
3260290	North Coast Integrated College	49	75.5	38.8	29	69.0	89.7
3260299	Ulidia Integrated College	76	64.5	59.2	37	86.5	100.0
3260303	Sperrin Integrated College	78	82.1	62.8	37	56.8	100.0
3410008	Ballyclare High School	185	97.8	97.8	138	79.0	100.0
3410098	Carrickfergus Grammar School	126	97.6	97.6	94	74.5	100.0
3410209	Antrim Grammar School	109	97.2	95.4	80	81.3	100.0
3410297	Cambridge House Grammar School	140	95.7	94.3	92	87.0	100.0
3420010	St Louis Grammar School, Ballymena	147	100.0	99.3	172	95.3	100.0
3420011	Ballymena Academy	177	98.9	98.3	151	77.5	100.0
3420012	Dalriada School	123	100.0	100.0	108	83.3	100.0
3420034	Loreto College	119	88.2	84.0	86	72.1	100.0
3420046	Larne Grammar School	110	100.0	99.1	83	85.5	100.0
3420058	Rainey Endowed School	103	100.0	100.0	106	86.8	100.0
3420068	Dominican College, Portstewart	70	100.0	98.6	67	67.2	100.0
3420077	Belfast High School	134	94.0	91.8	109	81.7	99.1
3420080	St Mary's Grammar School, Magherafelt	159	99.4	98.7	146	91.1	100.0
3420317	Coleraine Grammar School	231	90.5	86.1	131	67.9	98.5
4210012	Movilla High School	37	81.1	32.4	0	n/a	n/a
4210029	The High School Ballynahinch	30	76.7	46.7	0	n/a	n/a
4210045	Nendrum College	72	88.9	47.2	0	n/a	n/a
4210046	Glastry College	100	68.0	50.0	34	67.6	100.0
4210051	Lisnagarvey High School	86	89.5	58.1	36	61.1	100.0
4210063	Saintfield High School	68	69.1	55.9	0	n/a	n/a
4210201	Laurelhill Community College	96	71.9	44.8	53	50.9	100.0
4210262	Dundonald High School	40	67.5	30.0	0	n/a	n/a
4210296	Bangor Academy and 6th Form College	200	83.0	43.0	133	45.9	91.0
4210316	Breda Academy	103	69.9	37.9	33	30.3	93.9
4230023	St Mary's High School, Downpatrick	53	66.0	64.2	27	48.1	100.0
4230067	St Columba's College	32	87.5	53.1	0	n/a	n/a
4230102	St Colmcille's High School, Crossgar	50	62.0	52.0	0	n/a	n/a
4230107	St Columbanus' College	77	80.5	64.9	47	23.4	97.9
4230161	St Colman's High School, Ballynahinch	43	90.7	65.1	48	37.5	72.9
4230165	St Patrick's Academy, Lisburn	72	59.7	47.2	25	*	72.0
4230211	St Malachy's High School, Castlewellan	121	88.4	51.2	68	51.5	100.0
4230223	St Colm's High School, Belfast	44	86.4	40.9	21	*	95.2
4230224	De La Salle High School	39	74.4	46.2	19	57.9	94.7
4250024	Priory College	66	80.3	50.0	23	34.8	91.3
4250072	Fort Hill College	129	79.1	37.2	50	66.0	100.0
4260255	Lagan College	183	89.1	64.5	78	65.4	100.0
4260281	Shimna Integrated College	81	74.1	64.2	54	61.1	98.1
4260295	Strangford Integrated College	75	97.3	44.0	58	58.6	96.6
4260309	Blackwater Integrated College	31	87.1	19.4	0	n/a	n/a
4410063	Regent House Grammar School	209	98.1	97.6	182	86.3	99.5
4410085	Down High School	124	96.8	94.4	135	79.3	100.0
4410097	Glenlola Collegiate	156	98.1	96.8	121	71.9	99.2
4420015	Bangor Grammar School	139	98.6	98.6	90	74.4	100.0
4420044	Sullivan Upper School	153	98.7	98.7	149	71.8	99.3
4420050	Friends' School	135	100.0	100.0	130	89.2	100.0
4420051	Wallace High School	169	99.4	99.4	131	87.0	100.0
4420086	Assumption Grammar School	126	99.2	99.2	103	85.4	99.0
4420088	St Patrick's Grammar School, Downpatrick	88	95.5	89.8	77	74.0	98.7
4420259	Our Lady and St Patrick's College	178	99.4	99.4	175	88.0	99.4
5210016	Kilkeel High School	105	66.7	61.9	50	68.0	100.0
5210025	Newtownhamilton High School	39	82.1	69.2	0	n/a	n/a
5210047	Banbridge High School	77	63.6	49.4	35	40.0	97.1
5210064	Dromore High School	142	72.5	57.7	78	65.4	100.0
5210083	Markethill High School	90	88.9	67.8	0	n/a	n/a
5210097	Fivemiletown College	67	86.6	67.2	35	68.6	94.3
5210121	City Armagh High School	50	56.0	32.0	0	n/a	n/a
5210127	Rathfriland High School	44	79.5	70.5	0	n/a	n/a
5210153	Aughnacloy College	29	96.6	79.3	0	n/a	n/a
5210186	Newry High School	52	67.3	50.0	24	20.8	95.8
5210230	Cookstown High School	122	82.0	61.5	63	71.4	98.4
5210231	Drumglass High School	53	77.4	54.7	0	n/a	n/a
5210282	Craigavon Senior High School	241	42.7	27.0	0	n/a	n/a
5230056	St Joseph's Boys' High School, Newry	54	63.0	51.9	0	n/a	n/a
5230076	St Patrick's College, Banbridge	32	96.9	62.5	16	62.5	100.0
5230108	St Mary's High School, Newry	82	92.7	58.5	50	56.0	100.0
5230135	St Mark's High School	119	90.8	51.3	65	61.5	100.0
5230152	St Ciaran's High School	125	96.0	64.8	82	73.2	100.0
5230157	St Paul's High School, Bessbrook	209	85.2	74.2	125	54.4	98.4
5230167	St Joseph's High School, Crossmaglen	100	79.0	72.0	38	71.1	100.0
5230187	St Patrick's High School, Keady	161	82.0	65.2	90	54.4	92.2
5230192	St Joseph's College, Coalisland	36	58.3	44.4	0	n/a	n/a
5230213	Lismore Comprehensive School	185	72.4	40.5	59	62.7	100.0
5230218	St Catherine's College	167	95.2	84.4	125	76.8	96.8
5230278	Holy Trinity College	146	84.9	61.0	72	31.9	90.3
5230293	St Patrick's College, Dungannon	97	80.4	56.7	34	38.2	100.0
5250216	Brownlow Int College	59	30.5	16.9	0	n/a	n/a
5260285	New-Bridge Integrated College	91	89.0	62.6	35	77.1	97.1
5260286	Integrated College Dungannon	82	64.6	47.6	43	46.5	97.7
5410013	Banbridge Academy	193	97.9	97.4	160	88.1	99.4
5410057	Lurgan College	113	97.3	91.2	102	73.5	98.0
5410067	Portadown College	205	97.6	95.1	160	78.1	100.0
5420045	St Louis Grammar School, Kilkeel	84	90.5	86.9	68	91.2	98.5
5420059	Abbey Christian Brothers Grammar School	132	98.5	95.5	101	77.2	99.0
5420060	Our Lady's Grammar School	125	97.6	95.2	110	80.9	100.0
5420062	St Colman's College, Newry	124	97.6	94.4	127	87.4	100.0
5420073	St Joseph's Convent Grammar School, Donaghmore	102	100.0	99.0	79	86.1	100.0
5420076	Sacred Heart Grammar School, Newry	119	98.3	98.3	114	84.2	100.0
5420260	The Royal School, Dungannon	104	95.2	90.4	70	67.1	98.6
5420263	The Royal School, Armagh	105	97.1	97.1	106	73.6	98.1
5420268	St Patrick's Grammar School, Armagh	147	76.9	72.8	99	44.4	93.9
5420304	St Patrick's Academy, Dungannon	196	99.0	95.4	180	82.2	99.4
5420314	St Ronan’s College	223	74.0	65.0	137	51.8	98.5
