1210014	Ashfield Girls' High School	99	73.7	44.4	49	49.0	100.0
1210015	Ashfield Boys' High School	109	78.9	45.0	57	54.4	86.0
1210021	Belfast Model School For Girls	142	43.7	33.8	80	42.5	97.5
1210022	Belfast Boys' Model School	135	70.4	48.1	64	67.2	100.0
1230053	St Louise's Comprehensive College	169	96.4	52.7	177	83.1	99.4
1230104	Mercy College	52	86.5	40.4	55	34.5	78.2
1230130	St Rose’s Dominican College	37	35.1	16.2	34	20.6	94.1
1230146	Christian Brothers School, Belfast	53	77.4	22.6	41	56.1	100.0
1230155	St Genevieve's High School	149	70.5	55.7	91	40.7	95.6
1230182	De La Salle College	153	53.6	38.6	76	32.9	90.8
1230262	Corpus Christi College	32	46.9	31.3	19	*	100.0
1230275	St Joseph's College, Belfast	66	75.8	57.6	38	39.5	73.7
1240291	Colaiste Feirste	75	82.7	56.0	51	43.1	90.2
1260269	Hazelwood College	112	87.5	51.8	58	77.6	100.0
1260294	Malone Integrated College	76	68.4	36.8	41	43.9	90.2
1410079	Grosvenor Grammar School	160	96.9	94.4	131	75.6	100.0
1410270	Wellington College	114	96.5	94.7	83	61.4	100.0
1410315	Bloomfield Collegiate	103	96.1	95.1	75	80.0	100.0
1420020	Campbell College	120	86.7	82.5	105	46.7	100.0
1420021	St Mary's Christian Brothers' Grammar, Belfast	168	88.7	81.0	124	67.7	99.2
1420022	Methodist College	249	99.2	97.6	246	82.9	99.6
1420027	The Royal Belfast Academical Institution	146	97.3	95.9	127	70.9	100.0
1420028	Belfast Royal Academy	202	100.0	99.0	168	73.2	97.6
1420029	St Dominic's High School, Belfast	139	99.3	99.3	131	92.4	100.0
1420030	St Malachy's College, Belfast	155	100.0	99.4	105	78.1	100.0
1420082	Dominican College, Belfast	137	99.3	99.3	112	87.5	100.0
1420089	Strathearn School, Belfast	112	100.0	97.3	106	79.2	98.1
1420095	Rathmore Grammar School	180	98.9	98.3	165	91.5	100.0
1420264	Victoria College	127	100.0	97.6	94	81.9	100.0
1420265	Hunterhouse College	104	98.1	98.1	73	60.3	100.0
1420277	Aquinas Diocesan Grammar School	112	100.0	100.0	95	85.3	100.0
2210065	Castlederg High School	66	92.4	83.3	51	54.9	100.0
2210125	Omagh High School	51	66.7	47.1	38	52.6	97.4
2210302	Limavady High School	111	70.3	30.6	44	43.2	97.7
2210306	Lisneal College	72	87.5	63.9	63	46.0	95.2
2210312	Devenish College	56	71.4	53.6	43	53.5	100.0
2230077	St Mary's High School, Limavady	95	82.1	51.6	54	57.4	100.0
2230081	St Mary's College, Londonderry	104	96.2	58.7	85	70.6	100.0
2230085	St Mary's High School, Brollagh	18	100.0	83.3	n/a	n/a	n/a
2230099	St Fanchea's College	58	91.4	65.5	19	26.3	100.0
2230100	St Joseph's College, Enniskillen	39	64.1	38.5	9	66.7	100.0
2230109	St Mary's Secondary School, Irvinestown	20	95.0	40.0	n/a	n/a	n/a
2230122	St Patricks & St Brigids High School	95	84.2	69.5	n/a	n/a	n/a
2230131	St Joseph's Secondary School, Londonderry	125	49.6	35.2	57	33.3	93.0
2230138	Dean Maguirc College	89	68.5	59.6	44	84.1	100.0
2230144	St Patrick's College, Dungiven	32	62.5	37.5	15	60.0	93.3
2230148	St John's College	29	89.7	44.8	*	*	*
2230166	St Aidan's High School	28	75.0	57.1	n/a	n/a	n/a
2230188	St Cecilia's College	106	93.4	68.9	70	60.0	97.1
2230225	St Brigid's College, Carnhill	51	88.2	43.1	26	76.9	96.2
2230298	Sacred Heart College, Omagh	136	75.7	36.8	67	47.8	98.5
2230301	Holy Cross College	219	73.5	63.0	126	56.3	99.2
2260276	Oakgrove Integrated College	107	57.0	38.3	45	46.7	100.0
2260280	Erne Integrated College	52	53.8	28.8	23	26.1	95.7
2260283	Drumragh Integrated College	90	70.0	62.2	42	50.0	100.0
2410048	Limavady Grammar School	132	95.5	92.4	98	70.4	100.0
2410066	Omagh Academy	98	98.0	98.0	72	75.0	100.0
2410311	Strabane Academy	97	90.7	72.2	49	57.1	98.0
2420041	Mount Lourdes Grammar School	96	99.0	99.0	118	79.7	100.0
2420043	St Michael's College, Enniskillen	95	95.8	91.6	89	78.7	100.0
2420052	Thornhill College	191	99.5	97.4	185	84.3	100.0
2420054	St Columb's College, Londonderry	212	89.6	85.8	155	66.5	99.4
2420064	Christian Brothers' Grammar School, Omagh	138	94.9	94.2	126	73.0	97.6
2420065	Loreto Grammar School	121	99.2	99.2	121	81.8	100.0
2420229	Foyle College	120	94.2	94.2	89	68.5	100.0
2420287	Lumen Christi College	126	99.2	96.0	108	95.4	100.0
2420320	Enniskillen Royal Grammar School	135	97.0	95.6	135	80.0	100.0
3210035	Magherafelt High School	83	73.5	48.2	36	52.8	88.9
3210038	Larne High School	73	79.5	31.5	24	54.2	100.0
3210091	Carrickfergus College	109	62.4	37.6	46	15.2	97.8
3210124	Ballycastle High School	66	66.7	48.5	35	60.0	100.0
3210133	Ballymoney High School	135	81.5	37.0	n/a	n/a	n/a
3210134	Ballyclare Secondary School	162	57.4	46.9	56	37.5	100.0
3210172	Cullybackey High School	98	78.6	40.8	39	35.9	97.4
3210202	Glengormley High School	102	42.2	27.5	37	37.8	97.3
3210208	Dunclug College	122	76.2	47.5	79	41.8	97.5
3210222	Dunluce High School	53	66.0	22.6	n/a	n/a	n/a
3210232	Downshire School	104	61.5	29.8	26	46.2	100.0
3210300	Coleraine College	25	60.0	36.0	13	46.2	92.3
3210313	Abbey Community College	115	57.4	39.1	40	62.5	97.5
3230075	Our Lady of Lourdes High School	34	100.0	52.9	n/a	n/a	n/a
3230084	St Patrick's College Ballymena	70	68.6	45.7	36	55.6	86.1
3230110	St Joseph's College, Coleraine	48	87.5	33.3	19	68.4	100.0
3230132	St Colm's High School, Draperstown	65	92.3	87.7	25	88.0	100.0
3230142	St Mary's College, Portglenone	45	93.3	55.6	22	72.7	100.0
3230151	St Paul's College	57	94.7	70.2	n/a	n/a	n/a
3230168	St Pius X College	136	86.0	65.4	87	48.3	94.3
3230203	Edmund Rice College	69	79.7	33.3	53	71.7	98.1
3230227	Cross and Passion College	106	87.7	71.7	83	75.9	98.8
3230234	St Patrick's College Maghera	163	91.4	85.9	150	60.0	99.3
3230308	St Benedict's College	70	55.7	42.9	n/a	n/a	n/a
3230310	St Killian's College	116	79.3	69.0	83	67.5	98.8
3250149	Crumlin Integrated College	7	85.7	*	n/a	n/a	n/a
3250207	Parkhall Integrated College	126	86.5	31.0	n/a	n/a	n/a
3260289	Slemish College	108	84.3	65.7	55	81.8	100.0
3260290	North Coast Integrated College	55	67.3	21.8	48	62.5	100.0
3260299	Ulidia Integrated College	73	76.7	67.1	39	76.9	100.0
3260303	Sperrin Integrated College	64	81.3	59.4	32	71.9	100.0
3410008	Ballyclare High School	182	98.9	97.3	127	66.9	100.0
3410098	Carrickfergus Grammar School	117	95.7	95.7	99	80.8	100.0
3410209	Antrim Grammar School	117	99.1	99.1	92	72.8	100.0
3410297	Cambridge House Grammar School	132	94.7	93.2	90	61.1	100.0
3420010	St Louis Grammar School, Ballymena	140	100.0	100.0	142	96.5	100.0
3420011	Ballymena Academy	176	98.3	97.7	166	83.7	100.0
3420012	Dalriada School	123	98.4	97.6	122	83.6	100.0
3420034	Loreto College	114	99.1	99.1	91	92.3	100.0
3420046	Larne Grammar School	106	99.1	96.2	90	83.3	100.0
3420058	Rainey Endowed School	102	100.0	99.0	88	84.1	100.0
3420068	Dominican College, Portstewart	65	98.5	93.8	54	57.4	100.0
3420077	Belfast High School	134	95.5	94.0	103	81.6	100.0
3420080	St Mary's Grammar School, Magherafelt	158	100.0	100.0	147	86.4	100.0
3420317	Coleraine Grammar School	237	89.9	87.8	158	81.0	100.0
4210012	Movilla High School	40	75.0	27.5	n/a	n/a	n/a
4210029	The High School Ballynahinch	34	76.5	55.9	n/a	n/a	n/a
4210045	Nendrum College	74	90.5	37.8	n/a	n/a	n/a
4210046	Glastry College	91	61.5	42.9	31	51.6	96.8
4210051	Lisnagarvey High School	64	84.4	51.6	26	42.3	88.5
4210063	Saintfield High School	68	57.4	42.6	n/a	n/a	n/a
4210201	Laurelhill Community College	100	78.0	52.0	57	57.9	94.7
4210262	Dundonald High School	34	67.6	20.6	n/a	n/a	n/a
4210296	Bangor Academy and 6th Form College	203	66.0	36.5	146	40.4	97.3
4210316	Breda Academy	142	69.0	39.4	57	40.4	94.7
4230023	St Mary's High School, Downpatrick	72	76.4	62.5	31	45.2	100.0
4230067	St Columba's College	26	100.0	73.1	n/a	n/a	n/a
4230102	St Colmcille's High School, Crossgar	57	73.7	64.9	n/a	n/a	n/a
4230107	St Columbanus' College	77	68.8	54.5	45	40.0	97.8
4230161	St Colman's High School, Ballynahinch	38	81.6	28.9	59	40.7	94.9
4230165	St Patrick's Academy, Lisburn	68	64.7	42.6	20	35.0	95.0
4230211	St Malachy's High School, Castlewellan	127	73.2	41.7	69	56.5	98.6
4230223	St Colm's High School, Belfast	59	67.8	28.8	42	*	69.0
4230224	De La Salle High School	40	52.5	42.5	21	61.9	100.0
4250024	Priory College	69	76.8	43.5	42	73.8	100.0
4250072	Fort Hill College	139	88.5	50.4	43	55.8	100.0
4260255	Lagan College	195	67.7	56.4	97	61.9	96.9
4260281	Shimna Integrated College	79	67.1	44.3	49	57.1	100.0
4260295	Strangford Integrated College	78	97.4	30.8	42	61.9	97.6
4260309	Blackwater Integrated College	22	81.8	54.5	n/a	n/a	n/a
4410063	Regent House Grammar School	208	98.1	97.6	170	84.1	100.0
4410085	Down High School	123	100.0	100.0	156	75.6	100.0
4410097	Glenlola Collegiate	158	96.8	91.8	111	74.8	100.0
4420015	Bangor Grammar School	122	93.4	92.6	98	72.4	99.0
4420044	Sullivan Upper School	154	99.4	99.4	145	73.1	100.0
4420050	Friends' School	145	100.0	99.3	119	86.6	100.0
4420051	Wallace High School	174	99.4	98.9	139	87.1	100.0
4420086	Assumption Grammar School	118	100.0	100.0	105	87.6	100.0
4420088	St Patrick's Grammar School, Downpatrick	95	94.7	86.5	96	75.0	100.0
4420259	Our Lady and St Patrick's College	188	100.0	100.0	168	89.3	100.0
5210016	Kilkeel High School	99	64.6	59.6	49	57.1	98.0
5210025	Newtownhamilton High School	36	80.6	72.2	n/a	n/a	n/a
5210047	Banbridge High School	79	68.4	51.9	36	30.6	97.2
5210064	Dromore High School	145	75.9	60.7	79	70.9	98.7
5210083	Markethill High School	85	94.1	69.4	n/a	n/a	n/a
5210097	Fivemiletown College	55	87.3	61.8	21	52.4	100.0
5210121	City Armagh High School	34	44.1	38.2	6	*	100.0
5210127	Rathfriland High School	70	85.7	61.4	n/a	n/a	n/a
5210153	Aughnacloy College	15	100.0	73.3	n/a	n/a	n/a
5210186	Newry High School	52	57.7	30.8	29	24.1	96.6
5210230	Cookstown High School	122	79.5	60.7	72	66.7	98.6
5210231	Drumglass High School	45	62.2	48.9	n/a	n/a	n/a
5210282	Craigavon Senior High School	283	48.1	26.5	n/a	n/a	n/a
5230056	St Joseph's Boys' High School, Newry	49	77.6	59.2	n/a	n/a	n/a
5230059	St Columban's College	29	44.8	37.9	n/a	n/a	n/a
5230076	St Patrick's College, Banbridge	39	100.0	61.5	13	76.9	100.0
5230108	St Mary's High School, Newry	71	90.1	57.7	43	55.8	100.0
5230135	St Mark's High School	125	57.6	52.0	35	60.0	100.0
5230152	St Ciaran's High School	106	86.8	60.4	71	57.7	98.6
5230157	St Paul's High School, Bessbrook	202	72.8	57.4	144	64.6	98.6
5230167	St Joseph's High School, Crossmaglen	77	71.4	67.5	47	72.3	100.0
5230187	St Patrick's High School, Keady	149	98.0	91.3	97	66.0	100.0
5230192	St Joseph's College, Coalisland	36	55.6	47.2	n/a	n/a	n/a
5230213	Lismore Comprehensive School	187	84.0	38.5	76	44.7	97.4
5230218	St Catherine's College	165	94.5	73.3	118	81.4	100.0
5230278	Holy Trinity College	138	89.9	55.1	101	52.5	97.0
5230293	St Patrick's College, Dungannon	99	71.7	41.4	38	39.5	100.0
5250216	Brownlow Int College	42	54.8	42.9	n/a	n/a	n/a
5260285	New-Bridge Integrated College	77	81.8	57.1	51	56.9	100.0
5260286	Integrated College Dungannon	67	61.2	40.3	33	30.3	97.0
5410013	Banbridge Academy	188	96.8	96.8	183	85.2	100.0
5410057	Lurgan College	113	98.2	96.5	111	77.5	100.0
5410067	Portadown College	203	96.1	89.7	175	74.3	99.4
5420045	St Louis Grammar School, Kilkeel	82	95.1	84.1	65	70.8	100.0
5420059	Abbey Christian Brothers Grammar School	128	98.4	94.5	87	78.2	100.0
5420060	Our Lady's Grammar School	126	98.4	96.8	108	70.4	100.0
5420062	St Colman's College, Newry	124	91.9	82.3	129	86.0	100.0
5420073	St Joseph's Convent Grammar School, Donaghmore	97	100.0	92.8	97	79.4	99.0
5420076	Sacred Heart Grammar School, Newry	125	98.4	98.4	121	87.6	100.0
5420260	The Royal School, Dungannon	104	96.2	91.3	77	75.3	100.0
5420263	The Royal School, Armagh	105	97.1	94.3	96	71.9	100.0
5420268	St Patrick's Grammar School, Armagh	134	85.8	80.6	89	65.2	98.9
5420304	St Patrick's Academy, Dungannon	191	97.9	94.2	161	73.9	99.4
5420314	St Ronan’s College	200	71.0	61.0	139	51.1	96.4
